{
  "config": {
    "csv_path": "data/multi_asset_15m_structural_v2.csv",
    "seq_length": 30,
    "batch_size": 128,
    "epochs": 50,
    "lr": 0.0001,
    "d_model": 128,
    "d_state": 64,
    "dropout": 0.2,
    "weight_decay": 0.0001,
    "grad_clip": 1.0,
    "early_stop_patience": 8,
    "loss_alpha": 0.5,
    "warmup_epochs": 3,
    "walk_forward_splits": 5,
    "walk_forward_gap": 60,
    "seed": 42,
    "horizons": {
      "15m": 1,
      "1h": 4,
      "4h": 16
    }
  },
  "test_loss": 0.5066386818501616,
  "test_metrics": {
    "BTC_15m_balanced_acc": 0.38303209456852355,
    "BTC_15m_mcc": 0.1519284161925252,
    "BTC_15m_roc_auc": 0.6684159171715578,
    "BTC_15m_pr_auc": 0.4611163394863114,
    "BTC_15m_actionable_acc": 0.36857041504079463,
    "BTC_15m_coverage": 0.11954032736833178,
    "BTC_15m_quantile_coverage_80": 0.9721821728436943,
    "BTC_15m_majority_baseline": 0.5817572724959715,
    "BTC_1h_balanced_acc": 0.4245790533147915,
    "BTC_1h_mcc": 0.15034557472190044,
    "BTC_1h_roc_auc": 0.6241446939218404,
    "BTC_1h_pr_auc": 0.44196353877123945,
    "BTC_1h_actionable_acc": 0.39926643961226094,
    "BTC_1h_coverage": 0.4855822237299635,
    "BTC_1h_quantile_coverage_80": 0.9291832753795267,
    "BTC_1h_majority_baseline": 0.3668051903994572,
    "BTC_4h_balanced_acc": 0.40760694296628525,
    "BTC_4h_mcc": 0.1163122579396505,
    "BTC_4h_roc_auc": 0.6054793458110929,
    "BTC_4h_pr_auc": 0.4211093872786453,
    "BTC_4h_actionable_acc": 0.4459039885359446,
    "BTC_4h_coverage": 0.8877533712153337,
    "BTC_4h_quantile_coverage_80": 0.4176490543634976,
    "BTC_4h_majority_baseline": 0.404757866169112,
    "ETH_15m_balanced_acc": 0.4224535495928145,
    "ETH_15m_mcc": 0.18081938929881022,
    "ETH_15m_roc_auc": 0.6527365912853166,
    "ETH_15m_pr_auc": 0.4519294533929042,
    "ETH_15m_actionable_acc": 0.33523555123846527,
    "ETH_15m_coverage": 0.34924942752947163,
    "ETH_15m_quantile_coverage_80": 0.7160970231532525,
    "ETH_15m_majority_baseline": 0.5411754728182512,
    "ETH_1h_balanced_acc": 0.39900484653226725,
    "ETH_1h_mcc": 0.10534234422648679,
    "ETH_1h_roc_auc": 0.6102093709404899,
    "ETH_1h_pr_auc": 0.4282559013218738,
    "ETH_1h_actionable_acc": 0.37671952617500953,
    "ETH_1h_coverage": 0.8877957764396573,
    "ETH_1h_quantile_coverage_80": 0.8865236197099483,
    "ETH_1h_majority_baseline": 0.340217114748537,
    "ETH_4h_balanced_acc": 0.36299408660003024,
    "ETH_4h_mcc": 0.06425692028608215,
    "ETH_4h_roc_auc": 0.5882716607408512,
    "ETH_4h_pr_auc": 0.3994810075371573,
    "ETH_4h_actionable_acc": 0.44695577867976927,
    "ETH_4h_coverage": 0.9924942752947163,
    "ETH_4h_quantile_coverage_80": 0.8975489780340938,
    "ETH_4h_majority_baseline": 0.41760664913917395,
    "SOL_15m_balanced_acc": 0.36248388385925495,
    "SOL_15m_mcc": 0.058758112769932744,
    "SOL_15m_roc_auc": 0.5974893827427169,
    "SOL_15m_pr_auc": 0.4101888882722884,
    "SOL_15m_actionable_acc": 0.38608254428487293,
    "SOL_15m_coverage": 0.9360105164956323,
    "SOL_15m_quantile_coverage_80": 0.2853871596980748,
    "SOL_15m_majority_baseline": 0.37426850988041727,
    "SOL_1h_balanced_acc": 0.3414738430583501,
    "SOL_1h_mcc": 0.019991517895817795,
    "SOL_1h_roc_auc": 0.5704068581473124,
    "SOL_1h_pr_auc": 0.3789179863228204,
    "SOL_1h_actionable_acc": 0.43991179713340683,
    "SOL_1h_coverage": 1.0,
    "SOL_1h_quantile_coverage_80": 0.5646679670935459,
    "SOL_1h_majority_baseline": 0.43355101348486136,
    "SOL_4h_balanced_acc": 0.35279227634817306,
    "SOL_4h_mcc": 0.05103238612432603,
    "SOL_4h_roc_auc": 0.5592916795086283,
    "SOL_4h_pr_auc": 0.3626109754608324,
    "SOL_4h_actionable_acc": 0.48838096853532353,
    "SOL_4h_coverage": 1.0,
    "SOL_4h_quantile_coverage_80": 0.8173606988380968,
    "SOL_4h_majority_baseline": 0.4707403952166907
  },
  "timestamp": "2026-07-20T18:07:59.304472"
}